subid,runid,pain_regressor
113,2,0.542732464009
113,2,-1.27107915103
113,2,2.45618124515
113,2,2.85572987678
113,2,4.69163912141
113,2,0.152179884998
113,2,-3.5482421778
113,2,0.489374600528
113,2,-14.5060001426
113,2,0.311952702165
113,2,-0.122435756238
113,2,0.000875587965746
113,2,-1.03488284659e-06
113,2,1051.36986246
