subid,runid,pain_regressor
113,1,3.54455174714
113,1,-2.35819059037
113,1,0.713351051025
113,1,0.337896625806
113,1,-0.806044860849
113,1,-4.21185494155
113,1,2.44884607431
113,1,-0.936566136956
113,1,-1.1846585096
113,1,-1.51729824279
113,1,-0.0193727050052
113,1,-0.000248875520735
113,1,1.17645239242e-06
113,1,1091.02229797
